dataset	threshold	n_matched	qm_median	matched_median	epsilon_frac	match_level
ProteoBench_Module_7	1	2	116015.0	148984.5	0.22129483268393693	near
ProteoBench_Module_7	3	2	111497.0	103667.5	0.07552511635758555	near
PXD049412	1	4	42551.0	48638.5	0.12515805380511325	near
PXD049412	3	4	40183.0	34043.0	0.18036013277325735	near
PXD062685	1	3	112155.0	129446.0	0.13357693555613923	near
PXD062685	3	3	110281.0	98694.0	0.11740328692727015	near
PXD070049	1	0	96367.0			none
PXD070049	3	0	93138.0			none
